Workbook

Sheet Ianuarie 2026
B1: Cazacu Condrat Dumitru | E1: BORDEROUL ORELOR PROMOVATE ÎN LUNA | U1: Ianuarie | AA1: 2026
C2: ORE TARIFICATE | D2: 1 | E2: 2 | F2: 3 | G2: 4 | H2: 5 | I2: 6 | J2: 7 | K2: 8 | L2: 9 | M2: 10 | N2: 11 | O2: 12 | P2: 13 | Q2: 14 | R2: 15 | S2: 16 | T2: 17 | U2: 18 | V2: 19 | W2: 20 | X2: 21 | Y2: 22 | Z2: 23 | AA2: 24 | AB2: 25 | AC2: 26 | AD2: 27 | AE2: 28 | AF2: 29 | AG2: 30 | AH2: 31 | AI2: TOTAL ORE PROMOVATE LUNA CURENTĂ | AJ2: TOTAL ORE PROMOVATE | AK2: TOTAL ORE RĂMASE
A3: Disciplina | B3: Grupa
A4: Utilizarea sistemelor de operare în reţea | B4: DW-224 | C4: 77 | P4: 4 | Q4: 1 | W4: 4 | X4: 1 | AD4: 4 | AE4: 1 | AI4: =SUM(D4:AH4) -> 15 | AJ4: =AI4 -> 15 | AK4: =C4-AJ4 -> 62
A5: Utilizarea sistemelor de operare în reţea | B5: DWR-224 | C5: 78 | R5: 1 | S5: 4 | Y5: 1 | Z5: 4 | AF5: 1 | AG5: 4 | AI5: =SUM(D5:AH5) -> 15 | AJ5: =AI5 -> 15 | AK5: =C5-AJ5 -> 63
A6: Promovarea produselor software | B6: BDR-422 | C6: 40 | O6: 2 | T6: 1 | V6: 2 | AA6: 1 | AC6: 2 | AD6: 2 | AH6: 1 | AI6: =SUM(D6:AH6) -> 11 | AJ6: =AI6 -> 11 | AK6: =C6-AJ6 -> 29
A7: Promovarea produselor software | B7: AW-422 | C7: 40 | Q7: 2 | T7: 1 | X7: 2 | AA7: 1 | AE7: 2 | AH7: 1 | AI7: =SUM(D7:AH7) -> 9 | AJ7: =AI7 -> 9 | AK7: =C7-AJ7 -> 31
A9: Total ore pe zi | O9: =SUM(O5:O8) -> 2 | P9: =SUM(P4:P7) -> 4 | Q9: =SUM(Q4:Q7) -> 3 | R9: =SUM(R4:R7) -> 1 | S9: =SUM(S4:S7) -> 4 | T9: =SUM(T5:T8) -> 2 | V9: =SUM(V5:V8) -> 2 | W9: =SUM(W4:W7) -> 4 | X9: =SUM(X4:X7) -> 3 | Y9: =SUM(Y4:Y7) -> 1 | Z9: =SUM(Z4:Z7) -> 4 | AA9: =SUM(AA4:AA7) -> 2 | AC9: =SUM(AC4:AC7) -> 2 | AD9: =SUM(AD4:AD7) -> 6 | AE9: =SUM(AE4:AE7) -> 3 | AF9: =SUM(AF4:AF7) -> 1 | AG9: =SUM(AG4:AG7) -> 4 | AI9: =SUM(D9:AG9) -> 48 | AJ9: =AI9 -> 48 | AK9: =SUM(C4:C7)-AI9 -> 187
J11: Semnătura profesorului______________________ Cazacu- Condrat Dumitru

Sheet Februarie 2026
B1: Cazacu Condrat Dumitru | E1: BORDEROUL ORELOR PROMOVATE ÎN LUNA | U1: FEBRUARIE | AA1: 2026
C2: ORE TARIFICATE | D2: 1 | E2: 2 | F2: 3 | G2: 4 | H2: 5 | I2: 6 | J2: 7 | K2: 8 | L2: 9 | M2: 10 | N2: 11 | O2: 12 | P2: 13 | Q2: 14 | R2: 15 | S2: 16 | T2: 17 | U2: 18 | V2: 19 | W2: 20 | X2: 21 | Y2: 22 | Z2: 23 | AA2: 24 | AB2: 25 | AC2: 26 | AD2: 27 | AE2: 28 | AF2: TOTAL ORE PROMOVATE LUNA CURENTĂ | AG2: TOTAL ORE PROMOVATE | AH2: TOTAL ORE RĂMASE
A3: Disciplina | B3: Grupa
A4: Utilizarea sistemelor de operare în reţea | B4: DW-224 | C4: 77 | F4: 4 | G4: 1 | M4: 4 | N4: 1 | T4: 4 | U4: 1 | AA4: 4 | AF4: =SUM(D4:AE4) -> 19 | AG4: ='Ianuarie 2026'!AJ4 + AF4 -> 34 | AH4: =C4-AG4 -> 43
A5: Utilizarea sistemelor de operare în reţea | B5: DWR-224 | C5: 78 | H5: 1 | I5: 4 | O5: 1 | P5: 4 | V5: 1 | AF5: =SUM(D5:AE5) -> 11 | AG5: ='Ianuarie 2026'!AJ5 + AF5 -> 26 | AH5: =C5-AG5 -> 52
A6: Promovarea produselor software | B6: BDR-422 | C6: 40 | E6: 2 | J6: 1 | L6: 2 | Q6: 1 | S6: 2 | X6: 1 | Z6: 2 | AE6: 1 | AF6: =SUM(D6:AE6) -> 12 | AG6: ='Ianuarie 2026'!AJ6 + AF6 -> 23 | AH6: =C6-AG6 -> 17
A7: Promovarea produselor software | B7: AW-422 | C7: 40 | G7: 2 | J7: 1 | N7: 2 | Q7: 1 | U7: 2 | X7: 1 | AB7: 2 | AE7: 1 | AF7: =SUM(D7:AE7) -> 12 | AG7: ='Ianuarie 2026'!AJ7 + AF7 -> 21 | AH7: =C7-AG7 -> 19
A8: Practica tehnologică | B8: AWR-323 | C8: 120 | S8: 6 | T8: 6 | U8: 6 | V8: 8 | W8: 4 | Z8: 6 | AA8: 6 | AB8: 6 | AC8: 8 | AD8: 4 | AF8: =SUM(D8:AE8) -> 60 | AG8: =AF8 -> 60 | AH8: =C8-AG8 -> 60
A9: Practica de inițiere în specialitate | B9: DWR-125 | C9: 90 | AF9: =SUM(D9:AE9) -> 0 | AG9: =AF9 -> 0 | AH9: =C9-AG9 -> 90
A10: Practica de instruire | B10: DWR-224 | C10: 90 | AF10: =SUM(D10:AE10) -> 0 | AG10: =AF10 -> 0 | AH10: =C10-AG10 -> 90
A11: Practica ce anticipează probele de absolvire | B11: BDR-422 | C11: 60 | AF11: =SUM(D11:AE11) -> 0 | AG11: =AF11 -> 0 | AH11: =C11-AG11 -> 60
A13: Total ore pe zi | C13: 595 | D13: =SUM(D4:D11) -> 0 | E13: =SUM(E4:E11) -> 2 | F13: =SUM(F4:F11) -> 4 | G13: =SUM(G4:G11) -> 3 | H13: =SUM(H4:H11) -> 1 | I13: =SUM(I4:I11) -> 4 | J13: =SUM(J4:J11) -> 2 | K13: =SUM(K4:K11) -> 0 | ... AH13: =SUM(AH4:AH11) -> 431
J15: Semnătura profesorului______________________ Cazacu- Condrat Dumitru

Sheet Martie 2026
B1: Cazacu Condrat Dumitru | E1: BORDEROUL ORELOR PROMOVATE ÎN LUNA | U1: MARTIE | AA1: 2026
C2: ORE TARIFICATE | D2: 1 | E2: 2 | F2: 3 | G2: 4 | H2: 5 | I2: 6 | J2: 7 | K2: 8 | L2: 9 | M2: 10 | N2: 11 | O2: 12 | P2: 13 | Q2: 14 | R2: 15 | S2: 16 | T2: 17 | U2: 18 | V2: 19 | W2: 20 | X2: 21 | Y2: 22 | Z2: 23 | AA2: 24 | AB2: 25 | AC2: 26 | AD2: 27 | AE2: 28 | AF2: 29 | AG2: 30 | AH2: 31 | AI2: TOTAL ORE PROMOVATE LUNA CURENTĂ | AJ2: TOTAL ORE PROMOVATE | AK2: TOTAL ORE RĂMASE
A3: Disciplina | B3: Grupa
A4: Utilizarea sistemelor de operare în reţea | B4: DW-224 | C4: 77 | F4: 4 | M4: 4 | AI4: =SUM(D4:AH4) -> 8 | AJ4: ='Februarie 2026'!AG4 + AI4 -> 42 | AK4: =C4-AJ4 -> 35
A5: Utilizarea sistemelor de operare în reţea | B5: DWR-224 | C5: 78 | AI5: =SUM(D5:AH5) -> 0 | AJ5: ='Februarie 2026'!AG5 + AI5 -> 26 | AK5: =C5-AJ5 -> 52
A6: Promovarea produselor software | B6: BDR-422 | C6: 40 | E6: 2 | J6: 1 | L6: 2 | AE6: 2 | AG6: 10 | AI6: =SUM(D6:AH6) -> 17 | AJ6: ='Februarie 2026'!AG6 + AI6 -> 40 | AK6: =C6-AJ6 -> 0
A7: Promovarea produselor software | B7: AW-422 | C7: 40 | G7: 2 | J7: 1 | N7: 2 | U7: 2 | AI7: =SUM(D7:AH7) -> 7 | AJ7: ='Februarie 2026'!AG7 + AI7 -> 28 | AK7: =C7-AJ7 -> 12
A8: Practica tehnologică | B8: AWR-323 | C8: 120 | E8: 6 | F8: 6 | G8: 6 | H8: 8 | I8: 4 | L8: 6 | M8: 6 | N8: 6 | O8: 8 | P8: 4 | AI8: =SUM(D8:AH8) -> 60 | AJ8: ='Februarie 2026'!AG8 + AI8 -> 120 | AK8: =C8-AJ8 -> 0
A9: Practica de inițiere în specialitate | B9: DWR-125 | C9: 90 | AI9: =SUM(D9:AH9) -> 0 | AJ9: ='Februarie 2026'!AG9 + AI9 -> 0 | AK9: =C9-AJ9 -> 90
A10: Practica de instruire | B10: DWR-224 | C10: 90 | S10: 4 | T10: 8 | U10: 4 | V10: 8 | W10: 8 | Z10: 4 | AA10: 8 | AB10: 4 | AC10: 8 | AD10: 8 | AH10: 8 | AI10: =SUM(D10:AH10) -> 72 | AJ10: ='Februarie 2026'!AG10 + AI10 -> 72 | AK10: =C10-AJ10 -> 18
A11: Practica ce anticipează probele de absolvire | B11: BDR-422 | C11: 60 | AI11: =SUM(D11:AH11) -> 0 | AJ11: ='Februarie 2026'!AG11 + AI11 -> 0 | AK11: =C11-AJ11 -> 60
A13: Total ore pe zi | C13: 595 | D13: =SUM(D4:D11) -> 0 | E13: =SUM(E4:E11) -> 8 | F13: =SUM(F4:F11) -> 10 | G13: =SUM(G4:G11) -> 8 | H13: =SUM(H4:H11) -> 8 | I13: =SUM(I4:I11) -> 4 | J13: =SUM(J4:J11) -> 2 | K13: =SUM(K4:K11) -> 0 | ... AK13: =SUM(AK4:AK11) -> 267
J15: Semnătura profesorului______________________ Cazacu- Condrat Dumitru

Sheet Aprilie 2026
B1: Cazacu Condrat Dumitru | E1: BORDEROUL ORELOR PROMOVATE ÎN LUNA | U1: APRILIE | AA1: 2026
C2: ORE TARIFICATE | D2: 1 | E2: 2 | F2: 3 | G2: 4 | H2: 5 | I2: 6 | J2: 7 | K2: 8 | L2: 9 | M2: 10 | N2: 11 | O2: 12 | P2: 13 | Q2: 14 | R2: 15 | S2: 16 | T2: 17 | U2: 18 | V2: 19 | W2: 20 | X2: 21 | Y2: 22 | Z2: 23 | AA2: 24 | AB2: 25 | AC2: 26 | AD2: 27 | AE2: 28 | AF2: 29 | AG2: 30 | AH2: TOTAL ORE PROMOVATE LUNA CURENTĂ | AI2: TOTAL ORE PROMOVATE | AJ2: TOTAL ORE RĂMASE
A3: Disciplina | B3: Grupa
A4: Utilizarea sistemelor de operare în reţea | B4: DW-224 | C4: 77 | J4: 4 | X4: 4 | AE4: 4 | AH4: =SUM(D4:AG4) -> 12 | AI4: ='Martie 2026'!AJ4 + AH4 -> 54 | AJ4: =C4-AI4 -> 23
A5: Utilizarea sistemelor de operare în reţea | B5: DWR-224 | C5: 78 | M5: 4 | AA5: 4 | AH5: =SUM(D5:AG5) -> 8 | AI5: ='Martie 2026'!AJ5 + AH5 -> 34 | AJ5: =C5-AI5 -> 44
A6: Promovarea produselor software | B6: BDR-422 | C6: 40 | AH6: =SUM(D6:AG6) -> 0 | AI6: ='Martie 2026'!AJ6 + AH6 -> 40 | AJ6: =C6-AI6 -> 0
A7: Promovarea produselor software | B7: AW-422 | C7: 40 | K7: 2 | L7: 10 | AH7: =SUM(D7:AG7) -> 12 | AI7: ='Martie 2026'!AJ7 + AH7 -> 40 | AJ7: =C7-AI7 -> 0
A8: Practica tehnologică | B8: AWR-323 | C8: 120 | AH8: =SUM(D8:AG8) -> 0 | AI8: ='Martie 2026'!AJ8 + AH8 -> 120 | AJ8: =C8-AI8 -> 0
A9: Practica de inițiere în specialitate | B9: DWR-125 | C9: 90 | AH9: =SUM(D9:AG9) -> 0 | AI9: ='Martie 2026'!AJ9 + AH9 -> 0 | AJ9: =C9-AI9 -> 90
A10: Practica de instruire | B10: DWR-224 | C10: 90 | D10: 4 | E10: 8 | F10: 6 | AH10: =SUM(D10:AG10) -> 18 | AI10: ='Martie 2026'!AJ10 + AH10 -> 90 | AJ10: =C10-AI10 -> 0
A11: Practica ce anticipează probele de absolvire | B11: BDR-422 | C11: 60 | AF11: 8 | AH11: =SUM(D11:AG11) -> 8 | AI11: ='Martie 2026'!AJ11 + AH11 -> 8 | AJ11: =C11-AI11 -> 52
A13: Total ore pe zi | C13: 595 | D13: =SUM(D4:D11) -> 4 | E13: =SUM(E4:E11) -> 8 | F13: =SUM(F4:F11) -> 6 | G13: =SUM(G4:G11) -> 0 | H13: =SUM(H4:H11) -> 0 | I13: =SUM(I4:I11) -> 0 | J13: =SUM(J4:J11) -> 4 | K13: =SUM(K4:K11) -> 2 | ... AJ13: =SUM(AJ4:AJ11) -> 209
J15: Semnătura profesorului______________________ Cazacu- Condrat Dumitru

Sheet Mai 2026
B1: Cazacu Condrat Dumitru | E1: BORDEROUL ORELOR PROMOVATE ÎN LUNA | U1: MAI | AA1: 2026
C2: ORE TARIFICATE | D2: 1 | E2: 2 | F2: 3 | G2: 4 | H2: 5 | I2: 6 | J2: 7 | K2: 8 | L2: 9 | M2: 10 | N2: 11 | O2: 12 | P2: 13 | Q2: 14 | R2: 15 | S2: 16 | T2: 17 | U2: 18 | V2: 19 | W2: 20 | X2: 21 | Y2: 22 | Z2: 23 | AA2: 24 | AB2: 25 | AC2: 26 | AD2: 27 | AE2: 28 | AF2: 29 | AG2: 30 | AH2: 31 | AI2: TOTAL ORE PROMOVATE LUNA CURENTĂ | AJ2: TOTAL ORE PROMOVATE | AK2: TOTAL ORE RĂMASE
A3: Disciplina | B3: Grupa
A4: Utilizarea sistemelor de operare în reţea | B4: DW-224 | C4: 77 | H4: 4 | O4: 4 | V4: 4 | AI4: =SUM(D4:AH4) -> 12 | AJ4: ='Aprilie 2026'!AI4 + AI4 -> 66 | AK4: =C4-AJ4 -> 11
A5: Utilizarea sistemelor de operare în reţea | B5: DWR-224 | C5: 78 | K5: 4 | R5: 4 | AB5: 8 | AC5: 8 | AE5: 8 | AI5: =SUM(D5:AH5) -> 32 | AJ5: ='Aprilie 2026'!AI5 + AI5 -> 66 | AK5: =C5-AJ5 -> 12
A6: Promovarea produselor software | B6: BDR-422 | C6: 40 | AI6: =SUM(D6:AH6) -> 0 | AJ6: ='Aprilie 2026'!AI6 + AI6 -> 40 | AK6: =C6-AJ6 -> 0
A7: Promovarea produselor software | B7: AW-422 | C7: 40 | AI7: =SUM(D7:AH7) -> 0 | AJ7: ='Aprilie 2026'!AI7 + AI7 -> 40 | AK7: =C7-AJ7 -> 0
A8: Practica tehnologică | B8: AWR-323 | C8: 120 | AI8: =SUM(D8:AH8) -> 0 | AJ8: ='Aprilie 2026'!AI8 + AI8 -> 120 | AK8: =C8-AJ8 -> 0
A9: Practica de inițiere în specialitate | B9: DWR-125 | C9: 90 | G9: 10 | H9: 6 | I9: 2 | J9: 8 | K9: 6 | N9: 10 | O9: 6 | P9: 2 | Q9: 8 | R9: 6 | U9: 10 | V9: 6 | W9: 2 | X9: 8 | AI9: =SUM(D9:AH9) -> 90 | AJ9: ='Aprilie 2026'!AI9 + AI9 -> 90 | AK9: =C9-AJ9 -> 0
A10: Practica de instruire | B10: DWR-224 | C10: 90 | AI10: =SUM(D10:AH10) -> 0 | AJ10: ='Aprilie 2026'!AI10 + AI10 -> 90 | AK10: =C10-AJ10 -> 0
A11: Practica ce anticipează probele de absolvire | B11: BDR-422 | C11: 60 | I11: 6 | P11: 8 | W11: 6 | AD11: 8 | AI11: =SUM(D11:AH11) -> 28 | AJ11: ='Aprilie 2026'!AI11 + AI11 -> 36 | AK11: =C11-AJ11 -> 24
A13: Total ore pe zi | C13: 595 | D13: =SUM(D4:D11) -> 0 | E13: =SUM(E4:E11) -> 0 | F13: =SUM(F4:F11) -> 0 | G13: =SUM(G4:G11) -> 10 | H13: =SUM(H4:H11) -> 10 | I13: =SUM(I4:I11) -> 8 | J13: =SUM(J4:J11) -> 8 | K13: =SUM(K4:K11) -> 10 | ... AK13: =SUM(AK4:AK11) -> 47
J15: Semnătura profesorului______________________ Cazacu- Condrat Dumitru

Sheet Iunie 2026
B1: Cazacu Condrat Dumitru | E1: BORDEROUL ORELOR PROMOVATE ÎN LUNA | U1: IUNIE | AA1: 2026
C2: ORE TARIFICATE | D2: 1 | E2: 2 | F2: 3 | G2: 4 | H2: 5 | I2: 6 | J2: 7 | K2: 8 | L2: 9 | M2: 10 | N2: 11 | O2: 12 | P2: 13 | Q2: 14 | R2: 15 | S2: 16 | T2: 17 | U2: 18 | V2: 19 | W2: 20 | X2: 21 | Y2: 22 | Z2: 23 | AA2: 24 | AB2: 25 | AC2: 26 | AD2: 27 | AE2: 28 | AF2: 29 | AG2: 30 | AH2: TOTAL ORE PROMOVATE LUNA CURENTĂ | AI2: TOTAL ORE PROMOVATE | AJ2: TOTAL ORE RĂMASE
A3: Disciplina | B3: Grupa
A4: Utilizarea sistemelor de operare în reţea | B4: DW-224 | C4: 77 | K4: 2 | L4: 9 | AH4: =SUM(D4:AG4) -> 11 | AI4: ='Mai 2026'!AJ4 + AH4 -> 77 | AJ4: =C4-AI4 -> 0
A5: Utilizarea sistemelor de operare în reţea | B5: DWR-224 | C5: 78 | M5: 2 | N5: 10 | AH5: =SUM(D5:AG5) -> 12 | AI5: ='Mai 2026'!AJ5 + AH5 -> 78 | AJ5: =C5-AI5 -> 0
A6: Promovarea produselor software | B6: BDR-422 | C6: 40 | AH6: =SUM(D6:AG6) -> 0 | AI6: ='Mai 2026'!AJ6 + AH6 -> 40 | AJ6: =C6-AI6 -> 0
A7: Promovarea produselor software | B7: AW-422 | C7: 40 | AH7: =SUM(D7:AG7) -> 0 | AI7: ='Mai 2026'!AJ7 + AH7 -> 40 | AJ7: =C7-AI7 -> 0
A8: Practica tehnologică | B8: AWR-323 | C8: 120 | AH8: =SUM(D8:AG8) -> 0 | AI8: ='Mai 2026'!AJ8 + AH8 -> 120 | AJ8: =C8-AI8 -> 0
A9: Practica de inițiere în specialitate | B9: DWR-125 | C9: 90 | AH9: =SUM(D9:AG9) -> 0 | AI9: ='Mai 2026'!AJ9 + AH9 -> 90 | AJ9: =C9-AI9 -> 0
A10: Practica de instruire | B10: DWR-224 | C10: 90 | AH10: =SUM(D10:AG10) -> 0 | AI10: ='Mai 2026'!AJ10 + AH10 -> 90 | AJ10: =C10-AI10 -> 0
A11: Practica ce anticipează probele de absolvire | B11: BDR-422 | C11: 60 | F11: 8 | M11: 8 | T11: 8 | AH11: =SUM(D11:AG11) -> 24 | AI11: ='Mai 2026'!AJ11 + AH11 -> 60 | AJ11: =C11-AI11 -> 0
A13: Total ore pe zi | C13: 595 | D13: =SUM(D4:D11) -> 0 | E13: =SUM(E4:E11) -> 0 | F13: =SUM(F4:F11) -> 8 | G13: =SUM(G4:G11) -> 0 | H13: =SUM(H4:H11) -> 0 | I13: =SUM(I4:I11) -> 0 | J13: =SUM(J4:J11) -> 0 | K13: =SUM(K4:K11) -> 2 | ... AJ13: =SUM(AJ4:AJ11) -> 0
J15: Semnătura profesorului______________________ Cazacu- Condrat Dumitru
